ID,qcs,lc_n,datapoints,mission,total_available_lcs
GJ 1132,9,0,15616,TESS,2
GJ 1132,10,0,15290,TESS,2
HATS-68,28,0,88067,TESS,2
HATS-68,29,0,88813,TESS,2
HD 15337,3,0,13095,TESS,3
HD 15337,4,0,15297,TESS,3
HD 15337,30,0,98893,TESS,3
HD 213885,1,0,15900,TESS,3
HD 213885,27,0,87945,TESS,3
HD 213885,28,0,80202,TESS,3
HD 23472,1,0,17373,TESS,8
HD 23472,2,0,17593,TESS,8
HD 23472,3,0,13133,TESS,8
GJ 1132,9,0,15616,TESS,2
GJ 1132,10,0,15290,TESS,2
HATS-68,28,0,88067,TESS,2
HATS-68,29,0,88813,TESS,2
HD 15337,3,0,13095,TESS,3
HD 15337,4,0,15297,TESS,3
HD 15337,30,0,98893,TESS,3
HD 213885,1,0,15900,TESS,3
HD 213885,27,0,87945,TESS,3
HD 213885,28,0,80202,TESS,3
HD 23472,1,0,17373,TESS,8
HD 23472,2,0,17593,TESS,8
HD 23472,3,0,13133,TESS,8
HD 23472,4,0,15156,TESS,8
HD 23472,11,0,15503,TESS,8
HD 23472,29,0,92566,TESS,8
HD 23472,30,0,98795,TESS,8
HD 23472,31,0,96565,TESS,8
L 168-9,1,0,17434,TESS,2
L 168-9,28,0,69698,TESS,2
L 98-59,2,0,17642,TESS,9
L 98-59,5,0,17034,TESS,9
L 98-59,8,0,12672,TESS,9
L 98-59,9,0,14957,TESS,9
L 98-59,10,0,15667,TESS,9
L 98-59,11,0,16473,TESS,9
L 98-59,12,0,17932,TESS,9
L 98-59,28,0,86119,TESS,9
L 98-59,29,0,89692,TESS,9
LHS 1140,3,0,13268,TESS,2
LHS 1140,30,0,94381,TESS,2
LHS 1815,1,0,17866,TESS,17
LHS 1815,2,0,18006,TESS,17
LHS 1815,3,0,13297,TESS,17
LHS 1815,4,0,15542,TESS,17
LHS 1815,5,0,17593,TESS,17
LHS 1815,7,0,16109,TESS,17
LHS 1815,8,0,13208,TESS,17
LHS 1815,9,0,15450,TESS,17
LHS 1815,10,0,15292,TESS,17
LHS 1815,11,0,16109,TESS,17
LHS 1815,12,0,18801,TESS,17
LHS 1815,13,0,19247,TESS,17
LHS 1815,27,0,99127,TESS,17
LHS 1815,28,0,86136,TESS,17
LHS 1815,29,0,87054,TESS,17
LHS 1815,30,0,96285,TESS,17
LHS 1815,31,0,98762,TESS,17
TIC 410214986,1,0,17858,TESS,3
TIC 410214986,27,0,99541,TESS,3
TIC 410214986,28,0,90455,TESS,3
HD 41004 A,5,0,17885,TESS,3
HD 41004 A,6,0,14826,TESS,3
HD 41004 A,7,0,16362,TESS,3
TOI-837,10,0,17482,TESS,2
TOI-837,11,0,17618,TESS,2
Kepler-1229,14,0,34812,Kepler,2
Kepler-1229,14,1,43782,Kepler,2
Kepler-1229,14,2,49958,Kepler,2
Kepler-1229,16,0,7622,Kepler,2
Kepler-1229,16,1,52385,Kepler,2
Kepler-1229,16,2,46462,Kepler,2
GJ 1061,3,0,13452,TESS,4
GJ 1061,4,0,15794,TESS,4
GJ 1061,30,0,101635,TESS,4
GJ 1061,31,0,100396,TESS,4
WASP-100,1,0,17079,TESS,18
WASP-100,2,0,17264,TESS,18
WASP-100,3,0,12719,TESS,18
WASP-100,4,0,15048,TESS,18
WASP-100,5,0,16914,TESS,18
WASP-100,6,0,14071,TESS,18
WASP-100,7,0,15505,TESS,18
WASP-100,9,0,14219,TESS,18
WASP-100,10,0,15362,TESS,18
WASP-100,11,0,15255,TESS,18
WASP-100,12,0,18037,TESS,18
WASP-100,13,0,18531,TESS,18
WASP-100,27,0,91621,TESS,18
WASP-100,28,0,81404,TESS,18
WASP-100,29,0,89880,TESS,18
WASP-100,30,0,95093,TESS,18
Kepler-102,2,0,42569,Kepler,18
Kepler-102,3,0,42142,Kepler,18
Kepler-102,3,1,43027,Kepler,18
Kepler-102,3,2,37213,Kepler,18
Kepler-102,4,0,44468,Kepler,18
Kepler-102,4,1,35786,Kepler,18
Kepler-102,4,2,41534,Kepler,18
Kepler-102,5,0,45204,Kepler,18
Kepler-102,5,1,39641,Kepler,18
Kepler-102,5,2,48044,Kepler,18
Kepler-102,6,0,38836,Kepler,18
Kepler-102,6,1,44302,Kepler,18
Kepler-102,6,2,43047,Kepler,18
Kepler-102,7,0,43083,Kepler,18
Kepler-102,7,1,41921,Kepler,18
Kepler-102,7,2,39977,Kepler,18
Kepler-102,8,0,25416,Kepler,18
Kepler-102,8,1,37710,Kepler,18
Kepler-102,8,2,28758,Kepler,18
Kepler-102,9,0,52173,Kepler,18
Kepler-102,9,1,40917,Kepler,18
Kepler-102,9,2,44666,Kepler,18
Kepler-102,10,0,43025,Kepler,18
Kepler-102,10,1,44056,Kepler,18
Kepler-102,10,2,43115,Kepler,18
Kepler-102,11,0,44232,Kepler,18
Kepler-102,11,1,42625,Kepler,18
Kepler-102,11,2,45398,Kepler,18
Kepler-102,12,0,33258,Kepler,18
Kepler-102,12,1,39192,Kepler,18
Kepler-102,12,2,32314,Kepler,18
Kepler-102,13,0,45883,Kepler,18
Kepler-102,13,1,41498,Kepler,18
Kepler-102,13,2,38227,Kepler,18
Kepler-102,14,0,34032,Kepler,18
Kepler-102,14,1,43201,Kepler,18
Kepler-102,14,2,49006,Kepler,18
Kepler-102,15,0,44082,Kepler,18
Kepler-102,15,1,35036,Kepler,18
Kepler-102,16,0,7463,Kepler,18
Kepler-102,16,1,51642,Kepler,18
Kepler-102,17,0,31965,Kepler,18
Kepler-102,17,1,5992,Kepler,18
Kepler-102,14,0,16260,TESS,18
Kepler-102,26,0,15756,TESS,18
TIC 89256802,4,0,15263,TESS,2
TIC 89256802,31,0,15957,TESS,2
Kepler-411,11,0,43979,Kepler,7
Kepler-411,11,1,42353,Kepler,7
Kepler-411,11,2,45140,Kepler,7
Kepler-411,13,0,45493,Kepler,7
Kepler-411,13,1,41083,Kepler,7
Kepler-411,13,2,37958,Kepler,7
Kepler-411,14,0,33888,Kepler,7
Kepler-411,14,1,42947,Kepler,7
Kepler-411,14,2,48679,Kepler,7
Kepler-411,15,0,43702,Kepler,7
Kepler-411,15,1,34648,Kepler,7
Kepler-411,15,2,49747,Kepler,7
Kepler-411,17,0,31760,Kepler,7
Kepler-411,17,1,6030,Kepler,7
Kepler-411,14,0,17953,TESS,7
Kepler-411,26,0,16477,TESS,7
GJ 3082,2,0,18317,TESS,2
GJ 3082,29,0,15636,TESS,2
Kepler-93,2,0,37210,Kepler,17
Kepler-93,3,0,42033,Kepler,17
Kepler-93,3,1,42917,Kepler,17
Kepler-93,3,2,36957,Kepler,17
Kepler-93,4,0,44317,Kepler,17
Kepler-93,4,1,35662,Kepler,17
Kepler-93,4,2,41106,Kepler,17
Kepler-93,5,0,45108,Kepler,17
Kepler-93,5,1,39371,Kepler,17
Kepler-93,5,2,47919,Kepler,17
Kepler-93,6,0,38568,Kepler,17
Kepler-93,6,1,44017,Kepler,17
Kepler-93,6,2,42937,Kepler,17
Kepler-93,7,0,42815,Kepler,17
Kepler-93,7,1,41644,Kepler,17
Kepler-93,7,2,39715,Kepler,17
Kepler-93,8,0,25360,Kepler,17
Kepler-93,8,1,37762,Kepler,17
Kepler-93,8,2,28506,Kepler,17
Kepler-93,9,0,51881,Kepler,17
Kepler-93,9,1,40660,Kepler,17
Kepler-93,9,2,44391,Kepler,17
Kepler-93,10,0,42916,Kepler,17
Kepler-93,10,1,43812,Kepler,17
Kepler-93,10,2,42824,Kepler,17
Kepler-93,11,0,44127,Kepler,17
Kepler-93,11,1,42507,Kepler,17
Kepler-93,11,2,45252,Kepler,17
Kepler-93,12,0,33330,Kepler,17
Kepler-93,12,1,38924,Kepler,17
Kepler-93,12,2,32062,Kepler,17
Kepler-93,13,0,45568,Kepler,17
Kepler-93,13,1,41242,Kepler,17
Kepler-93,13,2,38239,Kepler,17
Kepler-93,14,0,34016,Kepler,17
Kepler-93,14,1,42912,Kepler,17
Kepler-93,14,2,48720,Kepler,17
Kepler-93,15,0,43827,Kepler,17
Kepler-93,15,1,34594,Kepler,17
Kepler-93,15,2,49832,Kepler,17
Kepler-93,16,0,7362,Kepler,17
Kepler-93,16,1,51340,Kepler,17
Kepler-93,17,1,5974,Kepler,17
TOI-169,13,0,18973,TESS,3
TOI-169,27,0,97387,TESS,3
TOI-169,28,0,88125,TESS,3
Kepler-725,10,0,43583,Kepler,7
Kepler-725,10,1,44610,Kepler,7
Kepler-725,10,2,43667,Kepler,7
Kepler-725,12,0,34037,Kepler,7
Kepler-725,12,1,39984,Kepler,7
Kepler-725,12,2,32550,Kepler,7
Kepler-725,13,0,46411,Kepler,7
Kepler-725,13,1,41892,Kepler,7
Kepler-725,14,0,34416,Kepler,7
Kepler-725,14,1,43754,Kepler,7
Kepler-725,14,2,49562,Kepler,7
Kepler-725,15,0,44479,Kepler,7
Kepler-725,15,1,51070,Kepler,7
Kepler-725,16,0,7226,Kepler,7
Kepler-725,16,1,52356,Kepler,7
Kepler-725,16,2,46068,Kepler,7
Kepler-725,17,0,32600,Kepler,7
Kepler-725,17,1,6151,Kepler,7
Kepler-504,6,0,39413,Kepler,7
Kepler-504,6,1,44930,Kepler,7
Kepler-504,6,2,43673,Kepler,7
Kepler-504,7,0,43710,Kepler,7
Kepler-504,7,1,42374,Kepler,7
Kepler-504,7,2,40446,Kepler,7
Kepler-504,8,0,25673,Kepler,7
Kepler-504,8,1,38319,Kepler,7
Kepler-504,8,2,29173,Kepler,7
Kepler-504,9,0,52847,Kepler,7
Kepler-504,9,1,41384,Kepler,7
Kepler-504,9,2,45284,Kepler,7
Kepler-504,10,0,43653,Kepler,7
Kepler-504,10,1,44600,Kepler,7
Kepler-504,10,2,43735,Kepler,7
Kepler-504,11,0,44858,Kepler,7
Kepler-504,11,1,43218,Kepler,7
Kepler-504,11,2,45985,Kepler,7
Kepler-504,12,0,33713,Kepler,7
Kepler-504,12,1,39674,Kepler,7
Kepler-504,12,2,32620,Kepler,7
TIC 318937509,7,0,15699,TESS,1
WASP-117,2,0,17977,TESS,4
WASP-117,3,0,13113,TESS,4
WASP-117,29,0,91978,TESS,4
WASP-117,30,0,100609,TESS,4
TIC 348538431,7,0,15475,TESS,1
TIC 238086647,6,0,14576,TESS,3
TIC 238086647,7,0,16077,TESS,3
TIC 238086647,8,0,13200,TESS,3
TIC 278683844,1,0,17627,TESS,17
TIC 278683844,2,0,17699,TESS,17
TIC 278683844,3,0,12966,TESS,17
TIC 278683844,4,0,15303,TESS,17
TIC 278683844,5,0,17329,TESS,17
TIC 278683844,6,0,14510,TESS,17
TIC 278683844,8,0,13014,TESS,17
TIC 278683844,10,0,15686,TESS,17
TIC 278683844,11,0,15868,TESS,17
TIC 278683844,12,0,18447,TESS,17
TIC 278683844,13,0,18852,TESS,17
TIC 278683844,27,0,88239,TESS,17
TIC 278683844,28,0,73775,TESS,17
TIC 278683844,29,0,72773,TESS,17
TIC 278683844,30,0,96410,TESS,17
TIC 278683844,31,0,97449,TESS,17
TIC 15863518,20,0,15484,TESS,1
WASP-164,28,0,68978,TESS,1
Kepler-908,4,0,40172,Kepler,2
Kepler-908,17,0,30942,Kepler,2
Kepler-908,17,1,5821,Kepler,2
TIC 42015200,29,0,13958,TESS,2
TIC 42015200,30,0,16078,TESS,2
Kepler-408,2,0,37531,Kepler,12
Kepler-408,5,0,45252,Kepler,12
Kepler-408,5,1,39603,Kepler,12
Kepler-408,5,2,48097,Kepler,12
Kepler-408,6,0,38830,Kepler,12
Kepler-408,6,1,44351,Kepler,12
Kepler-408,6,2,43095,Kepler,12
Kepler-408,7,0,43056,Kepler,12
Kepler-408,7,1,41796,Kepler,12
Kepler-408,7,2,39868,Kepler,12
Kepler-408,10,0,43077,Kepler,12
Kepler-408,10,1,44026,Kepler,12
Kepler-408,10,2,43154,Kepler,12
Kepler-408,11,0,44280,Kepler,12
Kepler-408,11,1,42685,Kepler,12
Kepler-408,11,2,45332,Kepler,12
Kepler-408,13,0,45761,Kepler,12
Kepler-408,13,1,41389,Kepler,12
Kepler-408,13,2,38362,Kepler,12
Kepler-408,14,0,34134,Kepler,12
Kepler-408,14,1,43246,Kepler,12
Kepler-408,14,2,48901,Kepler,12
Kepler-408,15,0,43971,Kepler,12
Kepler-408,15,1,34903,Kepler,12
Kepler-408,15,2,50016,Kepler,12
Kepler-408,17,0,31925,Kepler,12
Kepler-408,17,1,6001,Kepler,12
Kepler-408,14,0,18059,TESS,12
Kepler-408,15,0,12986,TESS,12
TIC 278866211,1,0,17668,TESS,10
TIC 278866211,2,0,17861,TESS,10
TIC 278866211,3,0,13108,TESS,10
TIC 278866211,5,0,17471,TESS,10
TIC 278866211,6,0,14451,TESS,10
TIC 278866211,8,0,13116,TESS,10
TIC 278866211,9,0,15345,TESS,10
TIC 278866211,11,0,15938,TESS,10
TIC 278866211,12,0,18604,TESS,10
TIC 278866211,13,0,19087,TESS,10
TIC 180695581,22,0,15553,TESS,2
TIC 180695581,23,0,10197,TESS,2
WASP-159,31,0,94315,TESS,1
TIC 366563452,17,0,13574,TESS,8
TIC 366563452,18,0,14202,TESS,8
TIC 366563452,19,0,16157,TESS,8
TIC 366563452,20,0,16926,TESS,8
TIC 366563452,23,0,13322,TESS,8
TIC 366563452,24,0,15529,TESS,8
TIC 366563452,26,0,15387,TESS,8
TIC 93125144,6,0,14648,TESS,1
Kepler-8,2,0,40071,Kepler,11
Kepler-8,2,1,41741,Kepler,11
Kepler-8,2,2,36835,Kepler,11
Kepler-8,3,0,41336,Kepler,11
Kepler-8,3,1,42427,Kepler,11
Kepler-8,3,2,36639,Kepler,11
Kepler-8,4,0,43662,Kepler,11
Kepler-8,4,1,35184,Kepler,11
Kepler-8,4,2,40580,Kepler,11
Kepler-8,5,0,44413,Kepler,11
Kepler-8,5,1,38872,Kepler,11
Kepler-8,5,2,47192,Kepler,11
Kepler-8,6,0,38080,Kepler,11
Kepler-8,6,1,43499,Kepler,11
Kepler-8,6,2,42302,Kepler,11
Kepler-8,7,0,42279,Kepler,11
Kepler-8,9,0,51344,Kepler,11
Kepler-8,9,1,40148,Kepler,11
Kepler-8,9,2,43856,Kepler,11
Kepler-8,10,0,42417,Kepler,11
Kepler-8,10,1,43291,Kepler,11
Kepler-8,10,2,42456,Kepler,11
Kepler-8,11,0,43431,Kepler,11
Kepler-8,11,1,41821,Kepler,11
Kepler-8,11,2,44570,Kepler,11
Kepler-8,12,0,32866,Kepler,11
Kepler-8,12,1,38423,Kepler,11
Kepler-8,12,2,31594,Kepler,11
Kepler-8,13,0,45049,Kepler,11
Kepler-8,13,1,40533,Kepler,11
Kepler-8,13,2,37560,Kepler,11
TIC 409934330,13,0,18695,TESS,2
TIC 409934330,27,0,96262,TESS,2
Kepler-1084,11,0,43051,Kepler,8
Kepler-1084,11,1,41392,Kepler,8
Kepler-1084,11,2,43988,Kepler,8
Kepler-1084,12,0,32439,Kepler,8
Kepler-1084,12,1,38110,Kepler,8
Kepler-1084,12,2,31204,Kepler,8
Kepler-1084,13,0,44512,Kepler,8
Kepler-1084,13,1,40304,Kepler,8
Kepler-1084,13,2,37246,Kepler,8
Kepler-1084,14,0,33036,Kepler,8
Kepler-1084,14,1,41969,Kepler,8
Kepler-1084,14,2,47501,Kepler,8
Kepler-1084,15,0,42735,Kepler,8
Kepler-1084,15,1,33943,Kepler,8
Kepler-1084,15,2,48613,Kepler,8
Kepler-1084,16,0,7330,Kepler,8
Kepler-1084,16,1,50149,Kepler,8
Kepler-1084,16,2,44166,Kepler,8
Kepler-1084,14,0,17573,TESS,8
Kepler-1084,15,0,13464,TESS,8
TIC 44797824,4,0,15419,TESS,3
TIC 44797824,5,0,17458,TESS,3
TIC 44797824,31,0,15931,TESS,3
Kepler-506,2,0,42867,Kepler,10
Kepler-506,6,0,39129,Kepler,10
Kepler-506,6,1,44750,Kepler,10
Kepler-506,6,2,43378,Kepler,10
Kepler-506,7,0,43530,Kepler,10
Kepler-506,7,1,42084,Kepler,10
Kepler-506,7,2,40266,Kepler,10
Kepler-506,8,0,25513,Kepler,10
Kepler-506,8,1,38142,Kepler,10
Kepler-506,8,2,29010,Kepler,10
Kepler-506,10,0,43411,Kepler,10
Kepler-506,10,1,44500,Kepler,10
Kepler-506,10,2,43432,Kepler,10
Kepler-506,11,0,44682,Kepler,10
Kepler-506,11,1,42955,Kepler,10
Kepler-506,11,2,45680,Kepler,10
Kepler-506,12,0,33531,Kepler,10
Kepler-506,12,1,39479,Kepler,10
Kepler-506,12,2,32581,Kepler,10
Kepler-506,14,0,34431,Kepler,10
Kepler-506,14,1,43517,Kepler,10
Kepler-506,14,2,49354,Kepler,10
Kepler-506,15,0,44369,Kepler,10
Kepler-506,15,1,35149,Kepler,10
Kepler-506,15,2,50436,Kepler,10
Kepler-506,16,0,7510,Kepler,10
Kepler-506,16,1,52118,Kepler,10
Kepler-506,16,2,45861,Kepler,10
TIC 278198753,12,0,18939,TESS,4
TIC 278198753,27,0,98331,TESS,4
TIC 278198753,30,0,16651,TESS,4
TIC 278198753,31,0,16576,TESS,4
Kepler-155,16,0,51881,Kepler,1
Kepler-155,16,1,45594,Kepler,1
Kepler-1558,12,1,39000,Kepler,1
Kepler-1558,12,2,32209,Kepler,1
WASP-4,2,0,17163,TESS,3
WASP-4,28,0,83548,TESS,3
WASP-4,29,0,83799,TESS,3
YZ Cet,3,0,13452,TESS,2
YZ Cet,30,0,97953,TESS,2
WASP-91,28,0,87726,TESS,3
TIC 420112587,14,0,18300,TESS,12
TIC 420112587,15,0,15570,TESS,12
TIC 420112587,16,0,12743,TESS,12
TIC 420112587,17,0,13011,TESS,12
TIC 420112587,19,0,16271,TESS,12
TIC 420112587,20,0,17452,TESS,12
TIC 420112587,21,0,17668,TESS,12
TIC 420112587,22,0,14419,TESS,12
TIC 420112587,23,0,11192,TESS,12
TIC 420112587,24,0,18033,TESS,12
TIC 420112587,25,0,17122,TESS,12
TIC 420112587,26,0,16756,TESS,12
Kepler-43,3,0,41478,Kepler,11
Kepler-43,3,1,42202,Kepler,11
Kepler-43,3,2,36584,Kepler,11
Kepler-43,4,0,43539,Kepler,11
Kepler-43,4,1,35128,Kepler,11
Kepler-43,4,2,40551,Kepler,11
Kepler-43,5,0,44205,Kepler,11
Kepler-43,5,1,38836,Kepler,11
Kepler-43,5,2,47193,Kepler,11
Kepler-43,6,0,38034,Kepler,11
Kepler-43,6,1,43304,Kepler,11
Kepler-43,6,2,42285,Kepler,11
Kepler-43,7,0,40926,Kepler,11
Kepler-43,10,0,42204,Kepler,11
Kepler-43,10,1,43298,Kepler,11
Kepler-43,10,2,42342,Kepler,11
Kepler-43,11,0,43447,Kepler,11
Kepler-43,11,1,41770,Kepler,11
Kepler-43,11,2,44353,Kepler,11
Kepler-43,12,0,32722,Kepler,11
Kepler-43,12,1,38388,Kepler,11
Kepler-43,13,0,45144,Kepler,11
Kepler-43,13,1,40703,Kepler,11
Kepler-43,13,2,37525,Kepler,11
Kepler-43,14,0,33391,Kepler,11
Kepler-43,14,1,42376,Kepler,11
Kepler-43,14,2,48041,Kepler,11
Kepler-43,15,0,43124,Kepler,11
Kepler-43,15,1,34237,Kepler,11
Kepler-43,15,2,49110,Kepler,11
Kepler-1313,14,0,34222,Kepler,3
Kepler-1313,14,1,43474,Kepler,3
Kepler-1313,14,2,49201,Kepler,3
Kepler-1313,15,0,44119,Kepler,3
Kepler-1313,15,1,35067,Kepler,3
Kepler-1313,15,2,50327,Kepler,3
Kepler-1313,16,0,7453,Kepler,3
Kepler-1313,16,1,51995,Kepler,3
Kepler-1313,16,2,45705,Kepler,3
Kepler-182,17,0,31993,Kepler,1
Kepler-182,17,1,6151,Kepler,1
GJ 3323,5,0,17664,TESS,1
GJ 3942,23,0,15081,TESS,1
Kepler-1349,3,0,41146,Kepler,4
Kepler-1349,14,0,32587,Kepler,4
Kepler-1349,14,1,41329,Kepler,4
Kepler-1349,14,2,46721,Kepler,4
Kepler-1349,15,0,42044,Kepler,4
Kepler-1349,15,1,33444,Kepler,4
Kepler-1349,15,2,47738,Kepler,4
Kepler-1349,17,0,30577,Kepler,4
Kepler-1349,17,1,5747,Kepler,4
LHS 3844,1,0,16325,TESS,3
LHS 3844,27,0,91904,TESS,3
LHS 3844,28,0,86525,TESS,3
Kepler-705,11,0,43262,Kepler,7
Kepler-705,12,0,34037,Kepler,7
Kepler-705,12,1,39984,Kepler,7
Kepler-705,12,2,32946,Kepler,7
Kepler-705,13,0,46523,Kepler,7
Kepler-705,13,1,42289,Kepler,7
Kepler-705,13,2,38839,Kepler,7
Kepler-705,14,0,34810,Kepler,7
Kepler-705,14,1,43864,Kepler,7
Kepler-705,14,2,49956,Kepler,7
Kepler-705,15,0,44594,Kepler,7
Kepler-705,15,1,35374,Kepler,7
Kepler-705,15,2,51069,Kepler,7
Kepler-705,16,0,7621,Kepler,7
Kepler-705,16,1,52471,Kepler,7
Kepler-705,16,2,46211,Kepler,7
Kepler-705,17,0,6151,Kepler,7
Kepler-16,2,0,43361,Kepler,12
Kepler-16,10,0,43978,Kepler,12
Kepler-16,10,1,45007,Kepler,12
Kepler-16,10,2,44065,Kepler,12
Kepler-16,11,0,45184,Kepler,12
Kepler-16,11,1,43543,Kepler,12
Kepler-16,11,2,46311,Kepler,12
Kepler-16,12,0,34037,Kepler,12
Kepler-16,12,1,39984,Kepler,12
Kepler-16,12,2,32946,Kepler,12
Kepler-16,13,0,46806,Kepler,12
Kepler-16,13,1,42289,Kepler,12
Kepler-16,13,2,39122,Kepler,12
Kepler-16,14,0,34813,Kepler,12
Kepler-16,14,1,44151,Kepler,12
Kepler-16,14,2,49958,Kepler,12
Kepler-16,15,0,44875,Kepler,12
Kepler-16,15,1,35656,Kepler,12
Kepler-16,15,2,51069,Kepler,12
Kepler-16,16,0,7622,Kepler,12
Kepler-16,16,1,52752,Kepler,12
Kepler-16,17,0,32600,Kepler,12
Kepler-16,17,1,6151,Kepler,12
Kepler-16,14,0,18424,TESS,12
Kepler-16,15,0,13273,TESS,12
Kepler-16,26,0,16942,TESS,12
HD 147379,14,0,17678,TESS,12
HD 147379,15,0,15179,TESS,12
HD 147379,16,0,14658,TESS,12
HD 147379,17,0,12626,TESS,12
HD 147379,18,0,14038,TESS,12
HD 147379,19,0,16313,TESS,12
HD 147379,20,0,17633,TESS,12
HD 147379,21,0,18560,TESS,12
HD 147379,23,0,15006,TESS,12
HD 147379,24,0,16233,TESS,12
HD 147379,25,0,17246,TESS,12
HD 147379,26,0,16941,TESS,12
TIC 459837008,19,0,16392,TESS,4
TIC 459837008,20,0,17426,TESS,4
TIC 459837008,25,0,17038,TESS,4
TIC 459837008,26,0,16784,TESS,4
GJ 625,16,0,15032,TESS,3
GJ 625,23,0,15081,TESS,3
GJ 625,25,0,17246,TESS,3
WASP-99,3,0,12826,TESS,3
WASP-99,29,0,91273,TESS,3
WASP-99,30,0,98875,TESS,3
GJ 685,14,0,18424,TESS,13
GJ 685,15,0,16415,TESS,13
GJ 685,16,0,15207,TESS,13
GJ 685,17,0,13577,TESS,13
GJ 685,18,0,14458,TESS,13
GJ 685,19,0,16267,TESS,13
GJ 685,20,0,17633,TESS,13
GJ 685,21,0,18509,TESS,13
GJ 685,22,0,16697,TESS,13
GJ 685,23,0,14981,TESS,13
GJ 685,24,0,16045,TESS,13
GJ 685,25,0,17246,TESS,13
GJ 685,26,0,16941,TESS,13
Kepler-974,12,0,33359,Kepler,4
Kepler-974,12,1,39207,Kepler,4
Kepler-974,12,2,32394,Kepler,4
Kepler-974,14,0,34131,Kepler,4
Kepler-974,14,1,43370,Kepler,4
Kepler-974,14,2,49054,Kepler,4
Kepler-974,15,0,44083,Kepler,4
Kepler-974,15,1,35090,Kepler,4
Kepler-974,15,2,50164,Kepler,4
Kepler-974,16,0,7396,Kepler,4
Kepler-974,16,1,51732,Kepler,4
Kepler-974,16,2,45571,Kepler,4
GJ 1265,28,0,83825,TESS,1
TIC 67646988,21,0,16845,TESS,1
TIC 459970307,15,0,16273,TESS,12
TIC 459970307,16,0,15067,TESS,12
TIC 459970307,17,0,12626,TESS,12
TIC 459970307,18,0,13896,TESS,12
TIC 459970307,19,0,15802,TESS,12
TIC 459970307,20,0,17491,TESS,12
TIC 459970307,21,0,18419,TESS,12
TIC 459970307,22,0,16412,TESS,12
TIC 459970307,25,0,17104,TESS,12
TIC 459970307,26,0,16662,TESS,12
TIC 368287008,24,0,15813,TESS,1
GJ 3634,9,0,15874,TESS,1
KOI-13,2,1,36705,Kepler,16
KOI-13,2,2,32275,Kepler,16
KOI-13,3,0,36486,Kepler,16
KOI-13,3,1,37326,Kepler,16
KOI-13,3,2,32321,Kepler,16
KOI-13,7,0,37226,Kepler,16
KOI-13,7,1,36286,Kepler,16
KOI-13,7,2,34681,Kepler,16
KOI-13,8,0,21966,Kepler,16
KOI-13,8,1,32776,Kepler,16
KOI-13,8,2,24886,Kepler,16
KOI-13,9,0,45254,Kepler,16
KOI-13,9,1,35268,Kepler,16
KOI-13,9,2,38556,Kepler,16
KOI-13,10,0,37328,Kepler,16
KOI-13,10,1,38288,Kepler,16
KOI-13,10,2,37426,Kepler,16
KOI-13,11,0,38602,Kepler,16
KOI-13,11,1,36979,Kepler,16
KOI-13,11,2,39152,Kepler,16
KOI-13,12,0,28783,Kepler,16
KOI-13,12,1,34071,Kepler,16
KOI-13,12,2,28170,Kepler,16
KOI-13,13,0,39797,Kepler,16
KOI-13,13,1,35739,Kepler,16
KOI-13,13,2,33281,Kepler,16
KOI-13,14,0,29533,Kepler,16
KOI-13,14,1,37392,Kepler,16
KOI-13,14,2,42334,Kepler,16
KOI-13,15,0,38279,Kepler,16
KOI-13,15,1,30161,Kepler,16
KOI-13,15,2,43369,Kepler,16
KOI-13,16,0,6457,Kepler,16
KOI-13,16,1,44599,Kepler,16
KOI-13,16,2,39366,Kepler,16
KOI-13,17,0,27513,Kepler,16
KOI-13,17,1,5365,Kepler,16
TIC 299798795,1,0,17766,TESS,4
TIC 299798795,13,0,19278,TESS,4
TIC 299798795,27,0,98902,TESS,4
TIC 299798795,28,0,87536,TESS,4
2MASS J01225093-2439505,3,0,13452,TESS,2
2MASS J01225093-2439505,30,0,99654,TESS,2
TIC 264544388,17,0,14112,TESS,6
TIC 264544388,18,0,14821,TESS,6
TIC 264544388,19,0,16380,TESS,6
TIC 264544388,24,0,18217,TESS,6
TIC 264544388,25,0,17246,TESS,6
TIC 264544388,26,0,16942,TESS,6
GJ 273,7,0,16362,TESS,1
TIC 8348911,24,0,14961,TESS,2
TIC 8348911,25,0,16917,TESS,2
TIC 101230735,13,0,17643,TESS,2
TIC 101230735,27,0,70755,TESS,2
TOI-540,4,0,15538,TESS,4
TOI-540,5,0,17604,TESS,4
TOI-540,6,0,14579,TESS,4
TOI-540,31,0,96245,TESS,4
TIC 262530407,2,0,18005,TESS,3
TIC 262530407,3,0,13206,TESS,3
TIC 262530407,29,0,77927,TESS,3
TIC 142090065,19,0,16366,TESS,4
TIC 142090065,20,0,17209,TESS,4
TIC 142090065,25,0,16778,TESS,4
TIC 142090065,26,0,16523,TESS,4
LTT 1445 A,4,0,15587,TESS,2
LTT 1445 A,31,0,99380,TESS,2
GJ 832,1,0,18103,TESS,3
GJ 832,27,0,16781,TESS,3
GJ 832,28,0,14540,TESS,3
TIC 236714379,14,0,13994,TESS,10
TIC 236714379,15,0,13331,TESS,10
TIC 236714379,16,0,12877,TESS,10
TIC 236714379,17,0,11908,TESS,10
TIC 236714379,18,0,13097,TESS,10
TIC 236714379,20,0,16634,TESS,10
TIC 236714379,21,0,17512,TESS,10
TIC 236714379,22,0,16052,TESS,10
TIC 236714379,23,0,14001,TESS,10
TIC 236714379,24,0,15349,TESS,10
TIC 115623434,24,0,17832,TESS,3
TIC 115623434,25,0,16857,TESS,3
TIC 115623434,26,0,16553,TESS,3
TIC 259962054,1,0,17935,TESS,7
TIC 259962054,2,0,18128,TESS,7
TIC 259962054,3,0,13452,TESS,7
TIC 259962054,27,0,99633,TESS,7
TIC 259962054,28,0,73865,TESS,7
TIC 259962054,29,0,85078,TESS,7
TIC 259962054,30,0,101752,TESS,7
Kepler-207,8,0,35554,Kepler,3
Kepler-207,9,0,49074,Kepler,3
Kepler-207,9,1,38419,Kepler,3
Kepler-207,9,2,41953,Kepler,3
Kepler-207,10,0,40565,Kepler,3
Kepler-207,10,1,41444,Kepler,3
Kepler-207,10,2,40678,Kepler,3
Kepler-249,9,0,52094,Kepler,8
Kepler-249,9,1,40846,Kepler,8
Kepler-249,9,2,44547,Kepler,8
Kepler-249,10,0,43005,Kepler,8
Kepler-249,10,1,43944,Kepler,8
Kepler-249,10,2,43090,Kepler,8
Kepler-249,11,0,44225,Kepler,8
Kepler-249,11,1,42575,Kepler,8
Kepler-249,11,2,45352,Kepler,8
Kepler-249,12,0,33177,Kepler,8
Kepler-249,12,1,39133,Kepler,8
Kepler-249,12,2,32190,Kepler,8
Kepler-249,13,0,45833,Kepler,8
Kepler-249,13,1,41425,Kepler,8
Kepler-249,13,2,38269,Kepler,8
Kepler-249,14,0,33984,Kepler,8
Kepler-249,14,1,43177,Kepler,8
Kepler-249,14,2,48769,Kepler,8
Kepler-249,15,0,43809,Kepler,8
Kepler-249,15,1,34899,Kepler,8
Kepler-249,15,2,49880,Kepler,8
Kepler-249,16,0,7405,Kepler,8
Kepler-249,16,1,51563,Kepler,8
Kepler-249,16,2,45383,Kepler,8
TIC 328350926,4,0,14720,TESS,2
TIC 328350926,31,0,91677,TESS,2
Kepler-636,8,0,25715,Kepler,2
Kepler-636,13,0,46467,Kepler,2
Kepler-636,13,1,41937,Kepler,2
Kepler-636,13,2,38945,Kepler,2
TIC 236387002,24,0,15873,TESS,2
TIC 236387002,25,0,17009,TESS,2
WASP-96,2,0,17809,TESS,2
WASP-96,29,0,86280,TESS,2
KOI-1599,13,0,46254,Kepler,4
KOI-1599,13,1,41477,Kepler,4
KOI-1599,13,2,38715,Kepler,4
KOI-1599,14,0,34415,Kepler,4
KOI-1599,14,1,43745,Kepler,4
KOI-1599,14,2,49146,Kepler,4
KOI-1599,15,0,44545,Kepler,4
KOI-1599,15,1,34841,Kepler,4
KOI-1599,15,2,50256,Kepler,4
KOI-1599,17,0,32194,Kepler,4
KOI-1599,17,1,6151,Kepler,4
TIC 32090583,1,0,17140,TESS,17
TIC 32090583,2,0,17379,TESS,17
TIC 32090583,3,0,12731,TESS,17
TIC 32090583,4,0,14941,TESS,17
TIC 32090583,6,0,14036,TESS,17
TIC 32090583,7,0,15490,TESS,17
TIC 32090583,8,0,12706,TESS,17
TIC 32090583,9,0,14857,TESS,17
TIC 32090583,10,0,15355,TESS,17
TIC 32090583,11,0,15251,TESS,17
TIC 32090583,12,0,18079,TESS,17
TIC 32090583,13,0,18540,TESS,17
TIC 32090583,27,0,90176,TESS,17
TIC 32090583,28,0,80640,TESS,17
TIC 32090583,29,0,85643,TESS,17
TIC 32090583,30,0,94555,TESS,17
TIC 32090583,31,0,94515,TESS,17
Kepler-138,6,0,39396,Kepler,13
Kepler-138,6,1,44902,Kepler,13
Kepler-138,6,2,43644,Kepler,13
Kepler-138,7,0,43682,Kepler,13
Kepler-138,7,1,42464,Kepler,13
Kepler-138,7,2,40654,Kepler,13
Kepler-138,8,0,25655,Kepler,13
Kepler-138,8,1,38529,Kepler,13
Kepler-138,8,2,29154,Kepler,13
Kepler-138,9,0,52928,Kepler,13
Kepler-138,9,1,41474,Kepler,13
Kepler-138,9,2,45261,Kepler,13
Kepler-138,10,0,43626,Kepler,13
Kepler-138,10,1,44536,Kepler,13
Kepler-138,10,2,43707,Kepler,13
Kepler-138,11,0,44856,Kepler,13
Kepler-138,11,1,43190,Kepler,13
Kepler-138,11,2,46077,Kepler,13
Kepler-138,12,0,33746,Kepler,13
Kepler-138,12,1,39749,Kepler,13
Kepler-138,12,2,32828,Kepler,13
Kepler-138,13,0,46485,Kepler,13
Kepler-138,13,1,41956,Kepler,13
Kepler-138,13,2,38769,Kepler,13
Kepler-138,14,0,34458,Kepler,13
Kepler-138,14,1,43792,Kepler,13
Kepler-138,14,2,49489,Kepler,13
Kepler-138,15,0,44522,Kepler,13
Kepler-138,15,1,35304,Kepler,13
Kepler-138,15,2,50717,Kepler,13
Kepler-138,16,0,7503,Kepler,13
Kepler-138,16,1,52399,Kepler,13
Kepler-138,16,2,46111,Kepler,13
Kepler-138,17,0,32364,Kepler,13
Kepler-138,17,1,6033,Kepler,13
Kepler-138,14,0,18308,TESS,13
TIC 224298134,15,0,12530,TESS,2
TIC 224298134,22,0,15323,TESS,2
Kepler-121,6,0,38908,Kepler,5
Kepler-121,6,1,44444,Kepler,5
Kepler-121,6,2,43185,Kepler,5
Kepler-121,7,0,43191,Kepler,5
Kepler-121,7,1,41888,Kepler,5
Kepler-121,7,2,39959,Kepler,5
Kepler-121,8,0,25441,Kepler,5
Kepler-121,8,1,37926,Kepler,5
Kepler-121,8,2,28771,Kepler,5
Kepler-121,10,0,43168,Kepler,5
Kepler-121,10,1,44161,Kepler,5
Kepler-121,10,2,43158,Kepler,5
Kepler-121,11,0,44303,Kepler,5
Kepler-121,11,1,42641,Kepler,5
Kepler-121,11,2,45409,Kepler,5
Kepler-103,3,0,42539,Kepler,11
Kepler-103,3,1,43423,Kepler,11
Kepler-103,3,2,37728,Kepler,11
Kepler-103,4,0,44864,Kepler,11
Kepler-103,4,1,36546,Kepler,11
Kepler-103,4,2,41771,Kepler,11
Kepler-103,5,0,45604,Kepler,11
Kepler-103,5,1,39880,Kepler,11
Kepler-103,5,2,48591,Kepler,11
Kepler-103,6,0,39076,Kepler,11
Kepler-103,6,1,44700,Kepler,11
Kepler-103,6,2,43442,Kepler,11
Kepler-103,7,0,43495,Kepler,11
Kepler-103,7,1,42146,Kepler,11
Kepler-103,7,2,40217,Kepler,11
Kepler-103,8,0,25613,Kepler,11
Kepler-103,8,1,38105,Kepler,11
Kepler-103,8,2,29112,Kepler,11
Kepler-103,9,0,52451,Kepler,11
Kepler-103,9,1,41432,Kepler,11
Kepler-103,9,2,45058,Kepler,11
Kepler-103,10,0,43424,Kepler,11
Kepler-103,10,1,44450,Kepler,11
Kepler-103,10,2,43503,Kepler,11
Kepler-103,11,0,44634,Kepler,11
Kepler-103,11,1,42989,Kepler,11
Kepler-103,11,2,45757,Kepler,11
Kepler-103,12,0,33483,Kepler,11
Kepler-103,12,1,39430,Kepler,11
Kepler-103,12,2,32670,Kepler,11
Kepler-103,15,0,44321,Kepler,11
Kepler-103,15,1,35217,Kepler,11
Kepler-103,15,2,50515,Kepler,11
Proxima Cen,11,0,16662,TESS,2
Proxima Cen,12,0,19104,TESS,2
TIC 138968089,14,0,11539,TESS,2
TIC 138968089,15,0,15205,TESS,2
TIC 257605131,4,0,15399,TESS,3
TIC 257605131,5,0,17484,TESS,3
TIC 257605131,31,0,16203,TESS,3
WASP-140,4,0,15398,TESS,3
WASP-140,5,0,17378,TESS,3
WASP-140,31,0,95712,TESS,3
Kepler-1627,15,0,43993,Kepler,1
Kepler-1627,15,1,35126,Kepler,1
2MASS J02192210-3925225,3,0,13451,TESS,1
Kepler-68,14,0,17378,TESS,16
Kepler-68,2,0,36102,Kepler,16
Kepler-68,5,0,43566,Kepler,16
Kepler-68,5,1,38265,Kepler,16
Kepler-68,5,2,46565,Kepler,16
Kepler-68,6,0,37460,Kepler,16
Kepler-68,6,1,42655,Kepler,16
Kepler-68,6,2,41622,Kepler,16
Kepler-68,7,0,41446,Kepler,16
Kepler-68,7,1,40307,Kepler,16
Kepler-68,7,2,38616,Kepler,16
Kepler-68,8,0,24523,Kepler,16
Kepler-68,8,1,36460,Kepler,16
Kepler-68,8,2,27879,Kepler,16
Kepler-68,9,0,50385,Kepler,16
Kepler-68,9,1,39317,Kepler,16
Kepler-68,9,2,43033,Kepler,16
Kepler-68,10,0,41598,Kepler,16
Kepler-68,10,1,42458,Kepler,16
Kepler-68,10,2,41457,Kepler,16
Kepler-68,11,0,42698,Kepler,16
Kepler-68,11,1,41165,Kepler,16
Kepler-68,11,2,43684,Kepler,16
Kepler-68,12,0,32356,Kepler,16
Kepler-68,12,1,37830,Kepler,16
Kepler-68,12,2,31209,Kepler,16
Kepler-68,13,0,44213,Kepler,16
Kepler-68,13,1,39952,Kepler,16
Kepler-68,13,2,36741,Kepler,16
Kepler-68,14,0,32866,Kepler,16
Kepler-68,14,1,41770,Kepler,16
Kepler-68,14,2,47127,Kepler,16
Kepler-68,15,0,42511,Kepler,16
Kepler-68,15,1,33697,Kepler,16
Kepler-68,15,2,48269,Kepler,16
Kepler-68,16,0,7187,Kepler,16
Kepler-68,16,1,49758,Kepler,16
Kepler-68,16,2,43859,Kepler,16
Kepler-68,17,0,30810,Kepler,16
Kepler-68,17,1,5941,Kepler,16
TIC 32830028,6,0,14130,TESS,1
AU Mic,1,0,17911,TESS,2
Kepler-617,7,0,42516,Kepler,5
Kepler-617,7,1,41264,Kepler,5
Kepler-617,7,2,39335,Kepler,5
Kepler-617,8,0,24961,Kepler,5
Kepler-617,8,1,37368,Kepler,5
Kepler-617,8,2,28376,Kepler,5
Kepler-617,9,0,51523,Kepler,5
Kepler-617,9,1,40275,Kepler,5
Kepler-617,9,2,44006,Kepler,5
Kepler-617,10,0,42460,Kepler,5
Kepler-617,10,1,43564,Kepler,5
Kepler-617,10,2,42547,Kepler,5
Kepler-617,11,0,43646,Kepler,5
Kepler-617,11,1,42041,Kepler,5
Kepler-617,11,2,44707,Kepler,5
Kepler-1651,14,0,34466,Kepler,5
Kepler-1651,14,1,43815,Kepler,5
Kepler-1651,14,2,49610,Kepler,5
Kepler-1651,15,0,44527,Kepler,5
Kepler-1651,15,1,35308,Kepler,5
Kepler-1651,15,2,50721,Kepler,5
Kepler-1651,16,0,7621,Kepler,5
Kepler-1651,16,1,52294,Kepler,5
Kepler-1651,16,2,46114,Kepler,5
Kepler-1651,14,0,17934,TESS,5
Kepler-1651,26,0,15935,TESS,5
TIC 2760710,2,0,18271,TESS,2
TIC 2760710,29,0,88509,TESS,2
Kepler-473,3,0,42079,Kepler,6
Kepler-473,3,1,43037,Kepler,6
Kepler-473,3,2,37054,Kepler,6
Kepler-473,4,0,44467,Kepler,6
Kepler-473,4,1,35595,Kepler,6
Kepler-473,4,2,41373,Kepler,6
Kepler-473,5,0,45217,Kepler,6
Kepler-473,5,1,39482,Kepler,6
Kepler-473,5,2,47922,Kepler,6
Kepler-473,6,0,39155,Kepler,6
Kepler-473,6,1,44248,Kepler,6
Kepler-473,6,2,43048,Kepler,6
Kepler-473,7,0,43085,Kepler,6
Kepler-473,7,1,41763,Kepler,6
Kepler-473,7,2,39820,Kepler,6
Kepler-473,8,0,25416,Kepler,6
Kepler-473,8,1,37695,Kepler,6
Kepler-473,8,2,28437,Kepler,6
TIC 198385543,17,0,13365,TESS,6
TIC 198385543,20,0,17341,TESS,6
TIC 198385543,23,0,14282,TESS,6
TIC 198385543,24,0,15694,TESS,6
TIC 198385543,25,0,16990,TESS,6
TIC 198385543,26,0,16689,TESS,6
WASP-120,4,0,15221,TESS,4
WASP-120,5,0,17299,TESS,4
WASP-120,30,0,96481,TESS,4
WASP-120,31,0,96253,TESS,4
GJ 163,3,0,13452,TESS,5
GJ 163,4,0,15793,TESS,5
GJ 163,5,0,17873,TESS,5
GJ 163,30,0,16436,TESS,5
GJ 163,31,0,16722,TESS,5
TIC 235037761,1,0,17917,TESS,1
WASP-136,29,0,88930,TESS,1
TIC 120916706,3,0,12564,TESS,2
TIC 120916706,30,0,15227,TESS,2
Kepler-42,9,0,52279,Kepler,11
Kepler-42,9,1,40930,Kepler,11
Kepler-42,9,2,44778,Kepler,11
Kepler-42,10,0,43133,Kepler,11
Kepler-42,10,1,44167,Kepler,11
Kepler-42,10,2,43223,Kepler,11
Kepler-42,11,0,44301,Kepler,11
Kepler-42,11,1,42704,Kepler,11
Kepler-42,11,2,45495,Kepler,11
Kepler-42,12,0,33396,Kepler,11
Kepler-42,12,1,39215,Kepler,11
Kepler-42,12,2,32334,Kepler,11
Kepler-42,13,0,45907,Kepler,11
Kepler-42,13,1,41496,Kepler,11
Kepler-42,13,2,38376,Kepler,11
Kepler-42,14,0,34167,Kepler,11
Kepler-42,14,1,43296,Kepler,11
Kepler-42,14,2,49011,Kepler,11
Kepler-42,15,0,44028,Kepler,11
Kepler-42,15,1,34977,Kepler,11
Kepler-42,15,2,50096,Kepler,11
Kepler-42,16,0,7487,Kepler,11
Kepler-42,16,1,51783,Kepler,11
Kepler-42,16,2,45544,Kepler,11
Kepler-42,17,0,31992,Kepler,11
Kepler-42,17,1,6017,Kepler,11
Kepler-42,14,0,18063,TESS,11
Kepler-42,15,0,14902,TESS,11
Kepler-396,12,0,33755,Kepler,8
Kepler-396,12,1,39700,Kepler,8
Kepler-396,12,2,32946,Kepler,8
Kepler-396,13,0,46524,Kepler,8
Kepler-396,13,1,42007,Kepler,8
Kepler-396,13,2,39121,Kepler,8
Kepler-396,14,0,34529,Kepler,8
Kepler-396,14,1,43868,Kepler,8
Kepler-396,14,2,49674,Kepler,8
Kepler-396,15,0,44875,Kepler,8
Kepler-396,15,1,35373,Kepler,8
Kepler-396,15,2,50786,Kepler,8
Kepler-396,16,0,7621,Kepler,8
Kepler-396,16,1,52469,Kepler,8
Kepler-396,16,2,46180,Kepler,8
Kepler-396,17,0,32319,Kepler,8
Kepler-396,17,1,6151,Kepler,8
Kepler-396,14,0,18409,TESS,8
Kepler-396,15,0,16347,TESS,8
TOI-700,1,0,17771,TESS,15
TOI-700,3,0,13143,TESS,15
TOI-700,4,0,15603,TESS,15
TOI-700,5,0,17605,TESS,15
TOI-700,6,0,14515,TESS,15
TOI-700,7,0,16193,TESS,15
TOI-700,8,0,13185,TESS,15
TOI-700,9,0,15395,TESS,15
TOI-700,10,0,15932,TESS,15
TOI-700,11,0,16629,TESS,15
TOI-700,28,0,73123,TESS,15
TOI-700,30,0,94428,TESS,15
TOI-700,31,0,97117,TESS,15
TIC 377293776,14,0,16384,TESS,12
TIC 377293776,15,0,11356,TESS,12
TIC 377293776,16,0,13332,TESS,12
TIC 377293776,17,0,13803,TESS,12
TIC 377293776,19,0,16148,TESS,12
TIC 377293776,20,0,17302,TESS,12
TIC 377293776,21,0,17941,TESS,12
TIC 377293776,22,0,16322,TESS,12
TIC 377293776,23,0,14823,TESS,12
TIC 377293776,24,0,17848,TESS,12
TIC 377293776,25,0,16913,TESS,12
TIC 377293776,26,0,16608,TESS,12
KOI-12,0,0,13784,Kepler,19
KOI-12,2,0,41380,Kepler,19
KOI-12,2,1,42919,Kepler,19
KOI-12,2,2,37386,Kepler,19
KOI-12,3,0,42184,Kepler,19
KOI-12,3,1,43521,Kepler,19
KOI-12,3,2,37096,Kepler,19
KOI-12,4,0,44510,Kepler,19
KOI-12,4,1,36092,Kepler,19
KOI-12,4,2,41415,Kepler,19
KOI-12,5,0,45248,Kepler,19
KOI-12,5,1,39527,Kepler,19
KOI-12,5,2,48690,Kepler,19
KOI-12,6,0,39021,Kepler,19
KOI-12,6,1,44343,Kepler,19
KOI-12,6,2,43088,Kepler,19
KOI-12,7,0,43580,Kepler,19
KOI-12,7,1,41792,Kepler,19
KOI-12,7,2,39861,Kepler,19
KOI-12,8,0,25436,Kepler,19
KOI-12,8,1,37737,Kepler,19
KOI-12,8,2,28935,Kepler,19
KOI-12,9,0,52371,Kepler,19
KOI-12,9,1,41255,Kepler,19
KOI-12,9,2,44706,Kepler,19
KOI-12,10,0,43069,Kepler,19
KOI-12,10,1,44171,Kepler,19
KOI-12,10,2,43609,Kepler,19
KOI-12,11,0,44306,Kepler,19
KOI-12,11,1,42633,Kepler,19
KOI-12,11,2,45403,Kepler,19
KOI-12,12,0,33583,Kepler,19
KOI-12,12,1,39075,Kepler,19
KOI-12,12,2,32945,Kepler,19
KOI-12,13,0,46423,Kepler,19
KOI-12,13,1,41408,Kepler,19
KOI-12,13,2,38236,Kepler,19
KOI-12,14,0,34369,Kepler,19
KOI-12,14,1,43241,Kepler,19
KOI-12,14,2,49048,Kepler,19
KOI-12,15,0,43966,Kepler,19
KOI-12,15,1,35202,Kepler,19
KOI-12,15,2,50160,Kepler,19
KOI-12,16,0,7621,Kepler,19
KOI-12,16,1,51842,Kepler,19
KOI-12,17,0,32147,Kepler,19
KOI-12,17,1,6151,Kepler,19
KOI-12,14,0,12240,TESS,19
Kepler-1125,13,0,46100,Kepler,4
Kepler-1125,13,1,41588,Kepler,4
Kepler-1125,13,2,38781,Kepler,4
Kepler-1125,15,0,44183,Kepler,4
Kepler-1125,15,1,35302,Kepler,4
Kepler-1125,15,2,50363,Kepler,4
Kepler-1125,16,0,7269,Kepler,4
Kepler-1125,16,1,52047,Kepler,4
Kepler-1125,16,2,45756,Kepler,4
Kepler-1125,17,0,31894,Kepler,4
Kepler-1125,17,1,6151,Kepler,4
GJ 687,14,0,18424,TESS,11
GJ 687,15,0,17417,TESS,11
GJ 687,16,0,15717,TESS,11
GJ 687,17,0,12626,TESS,11
GJ 687,19,0,16313,TESS,11
GJ 687,20,0,17633,TESS,11
GJ 687,22,0,16527,TESS,11
GJ 687,23,0,15006,TESS,11
GJ 687,24,0,18217,TESS,11
GJ 687,25,0,17246,TESS,11
GJ 687,26,0,16941,TESS,11
Kepler-808,9,0,49363,Kepler,3
Kepler-808,9,1,38673,Kepler,3
Kepler-808,9,2,42305,Kepler,3
Kepler-808,10,0,40808,Kepler,3
Kepler-808,10,1,41648,Kepler,3
Kepler-808,10,2,40807,Kepler,3
Kepler-808,11,0,41878,Kepler,3
Kepler-808,11,1,40420,Kepler,3
Kepler-808,11,2,42971,Kepler,3
GU Psc,17,0,12927,TESS,1
TIC 13684720,14,0,13929,TESS,2
TIC 13684720,15,0,13114,TESS,2
Kepler-560,14,0,34695,Kepler,2
Kepler-560,14,1,43918,Kepler,2
Kepler-560,14,2,49728,Kepler,2
Kepler-560,15,0,44772,Kepler,2
Kepler-560,15,1,35541,Kepler,2
Kepler-560,15,2,50840,Kepler,2
HAT-P-11,14,0,18145,TESS,16
HAT-P-11,0,0,13944,Kepler,16
HAT-P-11,1,0,48023,Kepler,16
HAT-P-11,2,0,41092,Kepler,16
HAT-P-11,2,1,42507,Kepler,16
HAT-P-11,2,2,37549,Kepler,16
HAT-P-11,3,0,42227,Kepler,16
HAT-P-11,3,1,43111,Kepler,16
HAT-P-11,3,2,37259,Kepler,16
HAT-P-11,4,0,44409,Kepler,16
HAT-P-11,4,1,35709,Kepler,16
HAT-P-11,4,2,41461,Kepler,16
HAT-P-11,5,0,45245,Kepler,16
HAT-P-11,5,1,39710,Kepler,16
HAT-P-11,5,2,48293,Kepler,16
HAT-P-11,6,0,38905,Kepler,16
HAT-P-11,6,1,44241,Kepler,16
HAT-P-11,6,2,43132,Kepler,16
HAT-P-11,9,0,52276,Kepler,16
HAT-P-11,9,1,40843,Kepler,16
HAT-P-11,9,2,44605,Kepler,16
HAT-P-11,10,0,43124,Kepler,16
HAT-P-11,10,1,44009,Kepler,16
HAT-P-11,10,2,43199,Kepler,16
HAT-P-11,12,1,39276,Kepler,16
HAT-P-11,12,2,32399,Kepler,16
HAT-P-11,13,1,41421,Kepler,16
HAT-P-11,13,2,38254,Kepler,16
HAT-P-11,14,1,43282,Kepler,16
HAT-P-11,14,2,48948,Kepler,16
HAT-P-11,16,0,7355,Kepler,16
HAT-P-11,16,1,51742,Kepler,16
HAT-P-11,16,2,45595,Kepler,16
HAT-P-11,17,0,31880,Kepler,16
HAT-P-11,17,1,6006,Kepler,16
GJ 682,12,0,15699,TESS,1
TIC 272086159,2,0,18223,TESS,15
TIC 272086159,3,0,13398,TESS,15
TIC 272086159,4,0,15697,TESS,15
TIC 272086159,5,0,17783,TESS,15
TIC 272086159,6,0,14778,TESS,15
TIC 272086159,7,0,16269,TESS,15
TIC 272086159,8,0,13326,TESS,15
TIC 272086159,9,0,15833,TESS,15
TIC 272086159,10,0,16325,TESS,15
TIC 272086159,12,0,19055,TESS,15
TIC 272086159,13,0,19535,TESS,15
TIC 272086159,27,0,84385,TESS,15
TIC 272086159,28,0,88958,TESS,15
TIC 272086159,29,0,89465,TESS,15
TIC 272086159,30,0,99073,TESS,15
TIC 233120979,14,0,17957,TESS,12
TIC 233120979,15,0,14653,TESS,12
TIC 233120979,16,0,14393,TESS,12
TIC 233120979,18,0,13870,TESS,12
TIC 233120979,19,0,16155,TESS,12
TIC 233120979,20,0,17251,TESS,12
TIC 233120979,21,0,17926,TESS,12
TIC 233120979,22,0,16095,TESS,12
TIC 233120979,23,0,14268,TESS,12
TIC 233120979,24,0,17839,TESS,12
TIC 233120979,25,0,16869,TESS,12
TIC 233120979,26,0,16566,TESS,12
TOI-216,2,0,17968,TESS,17
TOI-216,3,0,13184,TESS,17
TOI-216,4,0,15525,TESS,17
TOI-216,5,0,17717,TESS,17
TOI-216,6,0,14553,TESS,17
TOI-216,7,0,16198,TESS,17
TOI-216,8,0,13226,TESS,17
TOI-216,9,0,14805,TESS,17
TOI-216,11,0,15731,TESS,17
TOI-216,12,0,18739,TESS,17
TOI-216,13,0,19301,TESS,17
TOI-216,27,0,92242,TESS,17
TOI-216,28,0,88634,TESS,17
TOI-216,29,0,86536,TESS,17
TOI-216,30,0,96809,TESS,17
TOI-216,31,0,97075,TESS,17
TIC 161032923,13,0,17752,TESS,1
HIP 67522,11,0,13598,TESS,1
TIC 206609630,1,0,17587,TESS,4
TIC 206609630,2,0,17793,TESS,4
TIC 206609630,28,0,89116,TESS,4
TIC 206609630,29,0,89730,TESS,4
Kepler-488,4,0,44091,Kepler,8
Kepler-488,4,1,35491,Kepler,8
Kepler-488,4,2,41018,Kepler,8
Kepler-488,5,0,44821,Kepler,8
Kepler-488,5,1,39234,Kepler,8
Kepler-488,5,2,47738,Kepler,8
Kepler-488,6,0,38564,Kepler,8
Kepler-488,6,1,43933,Kepler,8
Kepler-488,6,2,42801,Kepler,8
Kepler-488,7,0,39574,Kepler,8
Kepler-488,13,0,45515,Kepler,8
Kepler-488,13,1,41016,Kepler,8
Kepler-488,13,2,37998,Kepler,8
Kepler-488,14,0,33747,Kepler,8
Kepler-488,14,1,42815,Kepler,8
Kepler-488,14,2,48494,Kepler,8
Kepler-488,15,0,43570,Kepler,8
Kepler-488,15,1,34469,Kepler,8
Kepler-488,15,2,49612,Kepler,8
Kepler-488,16,0,7487,Kepler,8
Kepler-488,16,1,51286,Kepler,8
Kepler-488,16,2,45128,Kepler,8
TOI-813,4,0,15795,TESS,14
TOI-813,5,0,17488,TESS,14
TOI-813,6,0,14825,TESS,14
TOI-813,8,0,13021,TESS,14
TOI-813,9,0,14967,TESS,14
TOI-813,10,0,15547,TESS,14
TOI-813,11,0,15692,TESS,14
TOI-813,12,0,19099,TESS,14
TOI-813,13,0,19582,TESS,14
TOI-813,27,0,93927,TESS,14
TOI-813,28,0,91649,TESS,14
TOI-813,29,0,14919,TESS,14
TOI-813,30,0,16216,TESS,14
TOI-813,31,0,16741,TESS,14
RR Cae,3,0,13452,TESS,4
RR Cae,4,0,15794,TESS,4
RR Cae,5,0,17873,TESS,4
RR Cae,30,0,96728,TESS,4
TIC 52280468,6,0,13647,TESS,2
TIC 52280468,7,0,15050,TESS,2
51 Eri,5,0,17664,TESS,1
TIC 77951245,5,0,17753,TESS,2
TIC 77951245,6,0,14702,TESS,2
VHS J125601.92-125723.9,10,0,15742,TESS,1
WASP-139,3,0,13123,TESS,4
WASP-139,4,0,15387,TESS,4
WASP-139,30,0,99412,TESS,4
WASP-139,31,0,98420,TESS,4
WASP-88,27,0,94594,TESS,1
Kepler-367,12,0,33754,Kepler,6
Kepler-367,12,1,39983,Kepler,6
Kepler-367,12,2,32946,Kepler,6
Kepler-367,13,0,46566,Kepler,6
Kepler-367,13,1,42006,Kepler,6
Kepler-367,14,0,34530,Kepler,6
Kepler-367,14,1,43866,Kepler,6
Kepler-367,14,2,49688,Kepler,6
Kepler-367,15,0,44591,Kepler,6
Kepler-367,15,1,35372,Kepler,6
Kepler-367,15,2,50800,Kepler,6
Kepler-367,16,0,52467,Kepler,6
Kepler-367,16,1,46179,Kepler,6
Kepler-367,17,0,32317,Kepler,6
Kepler-55,7,0,43821,Kepler,11
Kepler-55,7,1,42487,Kepler,11
Kepler-55,7,2,40558,Kepler,11
Kepler-55,8,0,25677,Kepler,11
Kepler-55,8,1,38432,Kepler,11
Kepler-55,8,2,29174,Kepler,11
Kepler-55,9,0,53068,Kepler,11
Kepler-55,9,1,41496,Kepler,11
Kepler-55,9,2,45182,Kepler,11
Kepler-55,10,0,43764,Kepler,11
Kepler-55,10,1,44793,Kepler,11
Kepler-55,10,2,43845,Kepler,11
Kepler-55,11,0,44969,Kepler,11
Kepler-55,11,1,43329,Kepler,11
Kepler-55,11,2,46098,Kepler,11
Kepler-55,12,0,33823,Kepler,11
Kepler-55,12,1,39770,Kepler,11
Kepler-55,12,2,32747,Kepler,11
Kepler-55,13,0,46376,Kepler,11
Kepler-55,13,1,42074,Kepler,11
Kepler-55,13,2,39071,Kepler,11
Kepler-55,14,0,34595,Kepler,11
Kepler-55,14,1,43934,Kepler,11
Kepler-55,14,2,49744,Kepler,11
Kepler-55,15,0,44661,Kepler,11
Kepler-55,15,1,35441,Kepler,11
Kepler-55,15,2,50642,Kepler,11
Kepler-55,16,0,7621,Kepler,11
Kepler-55,16,1,52324,Kepler,11
Kepler-55,16,2,46248,Kepler,11
Kepler-55,17,0,32386,Kepler,11
Kepler-55,17,1,6151,Kepler,11
Kepler-531,6,0,39351,Kepler,3
Kepler-531,6,1,44977,Kepler,3
Kepler-531,6,2,43719,Kepler,3
Kepler-531,7,0,40771,Kepler,3
Kepler-531,17,0,32321,Kepler,3
Kepler-531,17,1,6151,Kepler,3
TIC 310231275,24,0,15290,TESS,2
TIC 310231275,25,0,16751,TESS,2
Kepler-1661,14,0,34810,Kepler,5
Kepler-1661,14,1,44147,Kepler,5
Kepler-1661,14,2,49958,Kepler,5
Kepler-1661,15,0,44875,Kepler,5
Kepler-1661,15,1,35655,Kepler,5
Kepler-1661,15,2,51069,Kepler,5
Kepler-1661,16,0,7622,Kepler,5
Kepler-1661,16,1,52752,Kepler,5
Kepler-1661,16,2,46462,Kepler,5
Kepler-1661,14,0,18424,TESS,5
Kepler-1661,26,0,16941,TESS,5
Gl 49,18,0,15207,TESS,2
Gl 49,24,0,18217,TESS,2
Kepler-211,8,0,37792,Kepler,2
Kepler-211,17,0,31784,Kepler,2
TIC 233211762,14,0,17776,TESS,11
TIC 233211762,15,0,15216,TESS,11
TIC 233211762,16,0,14560,TESS,11
TIC 233211762,17,0,11565,TESS,11
TIC 233211762,18,0,13407,TESS,11
TIC 233211762,19,0,15716,TESS,11
TIC 233211762,21,0,17698,TESS,11
TIC 233211762,22,0,15300,TESS,11
TIC 233211762,24,0,17563,TESS,11
TIC 233211762,25,0,16625,TESS,11
TIC 233211762,26,0,16353,TESS,11
